event_start_time,event_slug,event_title,poly_team1,poly_team2,team1_code,team2_code,elo_match_date,team1_elo_pre,team2_elo_pre,team1_goals,team2_goals,score_source,polymarket_team1_win_price,polymarket_draw_price,polymarket_team2_win_price,elo_team1_win_prob,elo_draw_prob,elo_team2_win_prob,elo_source
2026-06-11T19:00:00Z,fifwc-mex-rsa-2026-06-11,Mexico vs. South Africa,Mexico,South Africa,MX,ZA,2026-06-11 00:00:00+00:00,1875.0,1518.0,2,0,polymarket_event_score,0.6939166666666667,0.20536111111111105,0.1050000000000001,0.711012680165539,0.19791689846746854,0.09107042136699241,2026_results.tsv
2026-06-12T02:00:00Z,fifwc-kr-cze-2026-06-11,Korea Republic vs. Czechia,Korea Republic,Czechia,KR,CZ,2026-06-11 00:00:00+00:00,1758.0,1740.0,2,1,polymarket_event_score,0.3729444444444445,0.31499999999999984,0.3161388888888888,0.3787764448267578,0.27972964491244207,0.3414939102608001,2026_results.tsv
2026-06-12T19:00:00Z,fifwc-can-bih-2026-06-12,Canada vs. Bosnia-Herzegovina,Canada,Bosnia-Herzegovina,CA,BA,2026-06-12 00:00:00+00:00,1788.0,1595.0,1,1,polymarket_event_score,0.5349444444444446,0.275,0.19444444444444445,0.5632189290684547,0.25135224758838215,0.18542882334316307,2026_results.tsv
2026-06-13T01:00:00Z,fifwc-usa-par-2026-06-12,United States vs. Paraguay,United States,Paraguay,US,PY,2026-06-12 00:00:00+00:00,1726.0,1834.0,4,1,polymarket_event_score,0.4605555555555555,0.29566666666666663,0.23858333333333331,0.25487904920173865,0.27051395187484206,0.47460699892341923,2026_results.tsv
2026-06-13T19:00:00Z,fifwc-qat-che-2026-06-13,Qatar vs. Switzerland,Qatar,Switzerland,QA,CH,2026-06-13 00:00:00+00:00,1421.0,1891.0,1,1,polymarket_event_score,0.060023611111111104,0.12922222222222218,0.8168888888888888,0.05271232656439126,0.15858704822224912,0.7887006252133596,2026_results.tsv
2026-06-13T22:00:00Z,fifwc-bra-mar-2026-06-13,Brazil vs. Morocco,Brazil,Morocco,BR,MA,2026-06-13 00:00:00+00:00,1991.0,1827.0,1,1,polymarket_event_score,0.585,0.2552777777777777,0.1650000000000001,0.5335688892690583,0.25884872484082366,0.207582385890118,2026_results.tsv
2026-06-14T01:00:00Z,fifwc-hai-sco-2026-06-13,Haiti vs. Scotland,Haiti,Scotland,HT,SQ,2026-06-13 00:00:00+00:00,1548.0,1782.0,0,1,polymarket_event_score,0.15605555555555561,0.20688888888888884,0.6344722222222221,0.15695584183158579,0.2394048890440321,0.6036392691243821,2026_results.tsv
2026-06-14T04:00:00Z,fifwc-aus-tur-2026-06-14,Australia vs. Türkiye,Australia,Türkiye,AU,TR,2026-06-13 00:00:00+00:00,1777.0,1910.0,2,0,polymarket_event_score,0.17500000000000004,0.25538888888888883,0.57325,0.23305505771703014,0.2658055611301259,0.501139381152844,2026_results.tsv (nearest_date_fallback)
2026-06-14T17:00:00Z,fifwc-ger-kor-2026-06-14,Germany vs. Curaçao,Germany,Curaçao,DE,CW,2026-06-14 00:00:00+00:00,1932.0,1434.0,7,1,polymarket_event_score,0.9427430555555556,0.03974861111111108,0.021472222222222222,0.8049000674406545,0.1493129563193432,0.045786976240002185,2026_results.tsv
2026-06-14T20:00:00Z,fifwc-nld-jpn-2026-06-14,Netherlands vs. Japan,Netherlands,Japan,NL,JP,2026-06-14 00:00:00+00:00,1948.0,1906.0,2,2,polymarket_event_score,0.4679722222222221,0.2764722222222223,0.2559166666666667,0.404129897229888,0.278532906453898,0.31733719631621393,2026_results.tsv
2026-06-14T23:00:00Z,fifwc-civ-ecu-2026-06-14,Côte d'Ivoire vs. Ecuador,Côte d'Ivoire,Ecuador,CI,EC,2026-06-14 00:00:00+00:00,1695.0,1938.0,1,0,polymarket_event_score,0.2918611111111111,0.3346944444444445,0.37583333333333335,0.15115448572486587,0.23660644513407444,0.6122390691410595,2026_results.tsv
2026-06-15T02:00:00Z,fifwc-swe-tun-2026-06-14,Sweden vs. Tunisia,Sweden,Tunisia,SE,TN,2026-06-14 00:00:00+00:00,1712.0,1628.0,5,1,polymarket_event_score,0.5115833333333333,0.2847500000000001,0.20722222222222217,0.4489672751693213,0.27420174696190636,0.27683097786877225,2026_results.tsv
2026-06-15T16:00:00Z,fifwc-esp-cvi-2026-06-15,Spain vs. Cabo Verde,Spain,Cabo Verde,ES,CV,2026-06-15 00:00:00+00:00,2157.0,1578.0,0,0,polymarket_event_score,0.9171666666666667,0.05916666666666668,0.025191666666666584,0.8455840844285891,0.12424025401786508,0.030175661553545702,2026_results.tsv
2026-06-15T19:00:00Z,fifwc-bel-egy-2026-06-15,Belgium vs. Egypt,Belgium,Egypt,BE,EG,2026-06-15 00:00:00+00:00,1894.0,1696.0,1,1,polymarket_event_score,0.6230555555555557,0.23283333333333334,0.15105555555555553,0.5682492655545368,0.24997375477864958,0.18177697966681355,2026_results.tsv
2026-06-15T22:00:00Z,fifwc-ksa-ury-2026-06-15,Saudi Arabia vs. Uruguay,Saudi Arabia,Uruguay,SA,UY,2026-06-15 00:00:00+00:00,1576.0,1892.0,1,1,polymarket_event_score,0.11513888888888896,0.21741666666666665,0.6729166666666666,0.10992301713089622,0.2122971533446561,0.6777798295244476,2026_results.tsv
2026-06-16T01:00:00Z,fifwc-irn-nzl-2026-06-15,IR Iran vs. New Zealand,IR Iran,New Zealand,IR,NZ,2026-06-15 00:00:00+00:00,1772.0,1562.0,2,2,polymarket_event_score,0.5416111111111112,0.27588888888888896,0.18838888888888905,0.5802128014518612,0.24657147727533052,0.17321572127280838,2026_results.tsv
2026-06-16T19:00:00Z,fifwc-fra-sen-2026-06-16,France vs. Senegal,France,Senegal,FR,SN,2026-06-16 00:00:00+00:00,2063.0,1860.0,3,1,polymarket_event_score,0.6660555555555556,0.215,0.12766666666666665,0.5732532129427221,0.24857189780647448,0.17817488925080346,2026_results.tsv
2026-06-16T22:00:00Z,fifwc-irq-nor-2026-06-16,Iraq vs. Norway,Iraq,Norway,IQ,NO,2026-06-16 00:00:00+00:00,1607.0,1914.0,1,4,polymarket_event_score,0.06499999999999981,0.13541666666666663,0.8036388888888888,0.11446131347983843,0.21540920397949095,0.6701294825406706,2026_results.tsv
2026-06-17T01:00:00Z,fifwc-arg-alg-2026-06-16,Argentina vs. Algeria,Argentina,Algeria,AR,DZ,2026-06-16 00:00:00+00:00,2115.0,1772.0,3,0,polymarket_event_score,0.6701944444444443,0.21094444444444446,0.11825,0.6999663517473539,0.20285358812390636,0.09718006012873973,2026_results.tsv
2026-06-17T04:00:00Z,fifwc-aut-jor-2026-06-17,Austria vs. Jordan,Austria,Jordan,AT,JO,2026-06-16 00:00:00+00:00,1830.0,1680.0,3,1,polymarket_event_score,0.7044444444444444,0.19022222222222235,0.1056666666666668,0.5190030081972985,0.26213523797698496,0.2188617538257166,2026_results.tsv (nearest_date_fallback)
2026-06-17T17:00:00Z,fifwc-prt-cdr-2026-06-17,Portugal vs. DR Congo,Portugal,DR Congo,PT,CD,2026-06-17 00:00:00+00:00,1989.0,1652.0,1,1,polymarket_event_score,0.7641944444444446,0.16727777777777783,0.07499999999999997,0.6951360606345303,0.20496294329762552,0.09990099606784413,2026_results.tsv
2026-06-17T20:00:00Z,fifwc-eng-hrv-2026-06-17,England vs. Croatia,England,Croatia,EN,HR,2026-06-17 00:00:00+00:00,2024.0,1911.0,4,2,polymarket_event_score,0.5763611111111111,0.2537222222222222,0.1734722222222222,0.4799326050925333,0.2696409112055122,0.25042648370195447,2026_results.tsv
2026-06-17T23:00:00Z,fifwc-gha-pan-2026-06-17,Ghana vs. Panama,Ghana,Panama,GH,PA,2026-06-17 00:00:00+00:00,1510.0,1730.0,1,0,polymarket_event_score,0.40594444444444455,0.3013055555555555,0.2924444444444444,0.16630096266575425,0.24364095537181982,0.5900580819624259,2026_results.tsv
2026-06-18T02:00:00Z,fifwc-uzb-col-2026-06-17,Uzbekistan vs. Colombia,Uzbekistan,Colombia,UZ,CO,2026-06-17 00:00:00+00:00,1714.0,1982.0,1,3,polymarket_event_score,0.09344444444444444,0.1949722222222223,0.7096944444444444,0.13587942717977813,0.2285647421206512,0.6355558306995708,2026_results.tsv
2026-06-18T16:00:00Z,fifwc-cze-rsa-2026-06-18,Czechia vs. South Africa,Czechia,South Africa,CZ,ZA,2026-06-18 00:00:00+00:00,1712.0,1512.0,1,1,polymarket_event_score,0.5264166666666668,0.267,0.20444444444444437,0.5702540591337509,0.24941577368434933,0.1803301671818997,2026_results.tsv
2026-06-18T19:00:00Z,fifwc-che-bih-2026-06-18,Switzerland vs. Bosnia-Herzegovina,Switzerland,Bosnia-Herzegovina,CH,BA,2026-06-18 00:00:00+00:00,1865.0,1616.0,4,1,polymarket_event_score,0.625,0.23491666666666666,0.14633333333333326,0.6179130750606894,0.23471071453213427,0.14737621040717636,2026_results.tsv
2026-06-18T22:00:00Z,fifwc-can-qat-2026-06-18,Canada vs. Qatar,Canada,Qatar,CA,QA,2026-06-18 00:00:00+00:00,1767.0,1447.0,6,0,polymarket_event_score,0.7488333333333335,0.17097222222222228,0.08380555555555555,0.6811394126113046,0.21090726557223366,0.10795332181646175,2026_results.tsv
2026-06-19T01:00:00Z,fifwc-mex-kr-2026-06-18,Mexico vs. Korea Republic,Mexico,Korea Republic,MX,KR,2026-06-18 00:00:00+00:00,1881.0,1786.0,1,0,polymarket_event_score,0.4720416666666667,0.29598611111111117,0.23680555555555557,0.4607302587107882,0.2726165806651512,0.26665316062406064,2026_results.tsv
2026-06-19T19:00:00Z,fifwc-usa-aus-2026-06-19,United States vs. Australia,United States,Australia,US,AU,2026-06-19 00:00:00+00:00,1780.0,1838.0,2,0,polymarket_event_score,0.6035555555555555,0.21749999999999997,0.18073611111111118,0.30161790420318263,0.27721239723949287,0.42116969855732456,2026_results.tsv
2026-06-19T22:00:00Z,fifwc-sco-mar-2026-06-19,Scotland vs. Morocco,Scotland,Morocco,SQ,MA,2026-06-19 00:00:00+00:00,1794.0,1840.0,0,1,polymarket_event_score,0.15499999999999997,0.265,0.5858333333333334,0.31337653878772426,0.2782415667177457,0.40838189449453005,2026_results.tsv
2026-06-20T00:30:00Z,fifwc-bra-hai-2026-06-19,Brazil vs. Haiti,Brazil,Haiti,BR,HT,2026-06-19 00:00:00+00:00,1978.0,1536.0,3,0,polymarket_event_score,0.8848888888888888,0.07760694444444441,0.0418638888888889,0.771323494713219,0.16810943590070174,0.060567069386079225,2026_results.tsv
2026-06-20T03:00:00Z,fifwc-tur-par-2026-06-19,Türkiye vs. Paraguay,Türkiye,Paraguay,TR,PY,2026-06-19 00:00:00+00:00,1849.0,1780.0,0,1,polymarket_event_score,0.4700833333333332,0.28530555555555565,0.2425277777777778,0.432921737118608,0.2760672715256727,0.29101099135571934,2026_results.tsv
2026-06-20T17:00:00Z,fifwc-nld-swe-2026-06-20,Netherlands vs. Sweden,Netherlands,Sweden,NL,SE,2026-06-20 00:00:00+00:00,1944.0,1755.0,5,1,polymarket_event_score,0.5686111111111111,0.235,0.19969444444444456,0.5591762447406826,0.2524377169449096,0.18838603831440778,2026_results.tsv
2026-06-20T20:00:00Z,fifwc-ger-civ-2026-06-20,Germany vs. Côte d'Ivoire,Germany,Côte d'Ivoire,DE,CI,2026-06-20 00:00:00+00:00,1939.0,1743.0,2,1,polymarket_event_score,0.6645000000000001,0.19980555555555557,0.14233333333333326,0.566240249420927,0.2505279975682105,0.18323175301086247,2026_results.tsv
2026-06-21T00:00:00Z,fifwc-ecu-kor-2026-06-20,Ecuador vs. Curaçao,Ecuador,Curaçao,EC,CW,2026-06-20 00:00:00+00:00,1890.0,1427.0,0,0,polymarket_event_score,0.8468611111111111,0.10286111111111126,0.05105833333333332,0.7844684280538152,0.16094630110472466,0.05458527084146012,2026_results.tsv
2026-06-21T04:00:00Z,fifwc-tun-jpn-2026-06-21,Tunisia vs. Japan,Tunisia,Japan,TN,JP,2026-06-20 00:00:00+00:00,1585.0,1910.0,0,4,polymarket_event_score,0.11666666666666668,0.21116666666666664,0.67675,0.10553170946218243,0.2091647538020296,0.6853035367357879,2026_results.tsv (nearest_date_fallback)
2026-06-21T16:00:00Z,fifwc-esp-ksa-2026-06-21,Spain vs. Saudi Arabia,Spain,Saudi Arabia,ES,SA,2026-06-21 00:00:00+00:00,2129.0,1598.0,4,0,polymarket_event_score,0.8903333333333333,0.07499999999999997,0.03713472222222218,0.8225444089132117,0.13876018981331625,0.03869540127347202,2026_results.tsv
2026-06-21T19:00:00Z,fifwc-bel-irn-2026-06-21,Belgium vs. IR Iran,Belgium,IR Iran,BE,IR,2026-06-21 00:00:00+00:00,1879.0,1756.0,0,0,polymarket_event_score,0.6912777777777779,0.19566666666666674,0.11663888888888892,0.49055754336100593,0.2677906990013773,0.2416517576376167,2026_results.tsv
2026-06-21T22:00:00Z,fifwc-ury-cvi-2026-06-21,Uruguay vs. Cabo Verde,Uruguay,Cabo Verde,UY,CV,2026-06-21 00:00:00+00:00,1870.0,1606.0,2,2,polymarket_event_score,0.6886666666666668,0.2180555555555555,0.09883333333333338,0.6318835174158978,0.22987543156322632,0.13824105102087594,2026_results.tsv
2026-06-22T01:00:00Z,fifwc-nzl-egy-2026-06-21,New Zealand vs. Egypt,New Zealand,Egypt,NZ,EG,2026-06-21 00:00:00+00:00,1578.0,1711.0,1,3,polymarket_event_score,0.1560277777777777,0.23533333333333334,0.6132222222222223,0.23305505771703028,0.26580556113012593,0.5011393811528437,2026_results.tsv
2026-06-22T17:00:00Z,fifwc-arg-aut-2026-06-22,Argentina vs. Austria,Argentina,Austria,AR,AT,2026-06-22 00:00:00+00:00,2128.0,1857.0,2,0,polymarket_event_score,0.675611111111111,0.21444444444444447,0.11366666666666679,0.6382950736074641,0.22757629520560485,0.13412863118693097,2026_results.tsv
2026-06-22T21:00:00Z,fifwc-fra-irq-2026-06-22,France vs. Iraq,France,Iraq,FR,IQ,2026-06-22 00:00:00+00:00,2084.0,1592.0,3,0,polymarket_event_score,0.9068888888888889,0.0726666666666666,0.025494444444444465,0.8015256519702583,0.15127701855299786,0.047197329476743856,2026_results.tsv
2026-06-23T00:00:00Z,fifwc-nor-sen-2026-06-22,Norway vs. Senegal,Norway,Senegal,NO,SN,2026-06-22 00:00:00+00:00,1929.0,1839.0,3,2,polymarket_event_score,0.4140555555555555,0.28338888888888897,0.3076666666666666,0.45538492904336764,0.2733595079918533,0.27125556296477893,2026_results.tsv
2026-06-23T03:00:00Z,fifwc-jor-alg-2026-06-22,Jordan vs. Algeria,Jordan,Algeria,JO,DZ,2026-06-22 00:00:00+00:00,1653.0,1759.0,1,2,polymarket_event_score,0.14605555555555547,0.22391666666666657,0.6395277777777777,0.2566720346438448,0.27085327042369617,0.472474694932459,2026_results.tsv
2026-06-23T17:00:00Z,fifwc-prt-uzb-2026-06-23,Portugal vs. Uzbekistan,Portugal,Uzbekistan,PT,UZ,2026-06-23 00:00:00+00:00,1967.0,1698.0,5,0,polymarket_event_score,0.8550000000000001,0.1050000000000001,0.04500000000000007,0.6364703458153221,0.22823576727301564,0.13529388691166228,2026_results.tsv
2026-06-23T20:00:00Z,fifwc-eng-gha-2026-06-23,England vs. Ghana,England,Ghana,EN,GH,2026-06-23 00:00:00+00:00,2055.0,1557.0,0,0,polymarket_event_score,0.8284444444444444,0.12377777777777776,0.05355555555555551,0.8049000674406546,0.14931295631934322,0.045786976240002185,2026_results.tsv
2026-06-23T23:00:00Z,fifwc-pan-hrv-2026-06-23,Panama vs. Croatia,Panama,Croatia,PA,HR,2026-06-23 00:00:00+00:00,1683.0,1880.0,0,1,polymarket_event_score,0.11988888888888892,0.20869444444444443,0.6726944444444445,0.1825033716728014,0.2502513464599573,0.5672452818672413,2026_results.tsv
2026-06-24T02:00:00Z,fifwc-col-cdr-2026-06-23,Colombia vs. DR Congo,Colombia,DR Congo,CO,CD,2026-06-23 00:00:00+00:00,1998.0,1674.0,1,0,polymarket_event_score,0.6315555555555554,0.235,0.13391666666666663,0.6844738633938642,0.20951368712257096,0.10601244948356472,2026_results.tsv
2026-06-24T19:00:00Z,fifwc-che-can-2026-06-24,Switzerland vs. Canada,Switzerland,Canada,CH,CA,2026-06-24 00:00:00+00:00,1885.0,1777.0,2,1,polymarket_event_score,0.41500000000000004,0.31499999999999995,0.28500000000000003,0.47460699892341957,0.270513951874842,0.2548790492017384,2026_results.tsv
2026-06-24T19:00:00Z,fifwc-bih-qat-2026-06-24,Bosnia-Herzegovina vs. Qatar,Bosnia-Herzegovina,Qatar,BA,QA,2026-06-24 00:00:00+00:00,1596.0,1437.0,3,1,polymarket_event_score,0.7050000000000001,0.17500000000000002,0.11499999999999999,0.5283835543384044,0.2600487811285683,0.2115676645330273,2026_results.tsv
2026-06-24T22:00:00Z,fifwc-mar-hai-2026-06-24,Morocco vs. Haiti,Morocco,Haiti,MA,HT,2026-06-24 00:00:00+00:00,1866.0,1528.0,4,2,polymarket_event_score,0.825,0.125,0.04500000000000002,0.6959451016430164,0.20461172323767352,0.0994431751193101,2026_results.tsv
2026-06-24T22:00:00Z,fifwc-sco-bra-2026-06-24,Scotland vs. Brazil,Scotland,Brazil,SQ,BR,2026-06-24 00:00:00+00:00,1768.0,1986.0,0,3,polymarket_event_score,0.09499999999999999,0.17500000000000002,0.735,0.16766792912458986,0.24423366745344777,0.5880984034219624,2026_results.tsv
2026-06-25T01:00:00Z,fifwc-cze-mex-2026-06-24,Czechia vs. Mexico,Czechia,Mexico,CZ,MX,2026-06-24 00:00:00+00:00,1696.0,1896.0,0,3,polymarket_event_score,0.24272222222222217,0.2407777777777778,0.5191111111111111,0.1803301671818998,0.2494157736843493,0.5702540591337508,2026_results.tsv
2026-06-25T01:00:00Z,fifwc-rsa-kr-2026-06-24,South Africa vs. Korea Republic,South Africa,Korea Republic,ZA,KR,2026-06-24 00:00:00+00:00,1528.0,1771.0,1,0,polymarket_event_score,0.15755555555555562,0.23944444444444446,0.6031666666666666,0.15115448572486578,0.23660644513407444,0.6122390691410599,2026_results.tsv
2026-06-25T20:00:00Z,fifwc-ecu-ger-2026-06-25,Ecuador vs. Germany,Ecuador,Germany,EC,DE,2026-06-25 00:00:00+00:00,1864.0,1954.0,2,1,polymarket_event_score,0.19039058171745152,0.20071952908587257,0.6127195290858725,0.27125556296477893,0.2733595079918533,0.4553849290433677,2026_results.tsv
2026-06-25T20:00:00Z,fifwc-kor-civ-2026-06-25,Curaçao vs. Côte d'Ivoire,Curaçao,Côte d'Ivoire,CW,CI,2026-06-25 00:00:00+00:00,1453.0,1728.0,0,2,polymarket_event_score,0.05847783933518004,0.11754570637119117,0.828264542936288,0.13182136039688033,0.22625142323845765,0.6419272163646621,2026_results.tsv
2026-06-25T23:00:00Z,fifwc-jpn-swe-2026-06-25,Japan vs. Sweden,Japan,Sweden,JP,SE,2026-06-25 00:00:00+00:00,1925.0,1727.0,1,1,polymarket_event_score,0.47524930555555556,0.2830194444444445,0.24712083333333335,0.5682492655545368,0.24997375477864964,0.18177697966681358,2026_results.tsv
2026-06-25T23:00:00Z,fifwc-tun-nld-2026-06-25,Tunisia vs. Netherlands,Tunisia,Netherlands,TN,NL,2026-06-25 00:00:00+00:00,1570.0,1972.0,1,3,polymarket_event_score,0.03070277777777776,0.08511111111111122,0.8920833333333332,0.0735859919968602,0.18203323174956915,0.7443807762535707,2026_results.tsv
2026-06-26T02:00:00Z,fifwc-par-aus-2026-06-25,Paraguay vs. Australia,Paraguay,Australia,PY,AU,2026-06-25 00:00:00+00:00,1816.0,1798.0,0,0,polymarket_event_score,0.36655555555555563,0.42069444444444437,0.21711111111111106,0.3787764448267578,0.27972964491244207,0.34149391026080006,2026_results.tsv
2026-06-26T02:00:00Z,fifwc-tur-usa-2026-06-25,Türkiye vs. United States,Türkiye,United States,TR,US,2026-06-25 00:00:00+00:00,1813.0,1820.0,3,2,polymarket_event_score,0.2521111111111111,0.22402777777777777,0.5284722222222222,0.35276788252213453,0.27995908719612833,0.36727303028173724,2026_results.tsv
2026-06-26T19:00:00Z,fifwc-nor-fra-2026-06-26,Norway vs. France,Norway,France,NO,FR,2026-06-26 00:00:00+00:00,1951.0,2090.0,1,4,polymarket_event_score,0.17080555555555554,0.19083333333333335,0.6408611111111111,0.22798439119824385,0.26455175376882495,0.5074638550329312,2026_results.tsv
2026-06-26T19:00:00Z,fifwc-sen-irq-2026-06-26,Senegal vs. Iraq,Senegal,Iraq,SN,IQ,2026-06-26 00:00:00+00:00,1817.0,1586.0,5,0,polymarket_event_score,0.795,0.1341111111111111,0.07505555555555554,0.600749537824183,0.24032501380669596,0.15892544836912104,2026_results.tsv
2026-06-27T00:00:00Z,fifwc-cvi-ksa-2026-06-26,Cabo Verde vs. Saudi Arabia,Cabo Verde,Saudi Arabia,CV,SA,2026-06-26 00:00:00+00:00,1625.0,1593.0,0,0,polymarket_event_score,0.3575207756232687,0.2852216066481995,0.3618975069252078,0.3935295036779478,0.2791469123027199,0.32732358401933226,2026_results.tsv
2026-06-27T00:00:00Z,fifwc-ury-esp-2026-06-26,Uruguay vs. Spain,Uruguay,Spain,UY,ES,2026-06-26 00:00:00+00:00,1851.0,2134.0,0,1,polymarket_event_score,0.15214681440443206,0.2672991689750692,0.5847229916897507,0.1272992861729732,0.22357925204384368,0.6491214617831831,2026_results.tsv
2026-06-27T03:00:00Z,fifwc-egy-irn-2026-06-26,Egypt vs. IR Iran,Egypt,IR Iran,EG,IR,2026-06-26 00:00:00+00:00,1740.0,1766.0,1,1,polymarket_event_score,0.37263888888888896,0.36369444444444454,0.26841666666666675,0.33337069183559825,0.27943638023694967,0.387192927927452,2026_results.tsv
2026-06-27T03:00:00Z,fifwc-nzl-bel-2026-06-26,New Zealand vs. Belgium,New Zealand,Belgium,NZ,BE,2026-06-26 00:00:00+00:00,1549.0,1869.0,1,5,polymarket_event_score,0.06530555555555535,0.1146805555555556,0.8219166666666666,0.10795332181646176,0.21090726557223363,0.6811394126113046,2026_results.tsv
2026-06-27T21:00:00Z,fifwc-pan-eng-2026-06-27,Panama vs. England,Panama,England,PA,EN,2026-06-27 00:00:00+00:00,1668.0,2028.0,0,2,polymarket_event_score,0.04500000000000007,0.1050000000000001,0.852888888888889,0.08980402817330913,0.19685722012634743,0.7133387517003433,2026_results.tsv
2026-06-27T21:00:00Z,fifwc-hrv-gha-2026-06-27,Croatia vs. Ghana,Croatia,Ghana,HR,GH,2026-06-27 00:00:00+00:00,1895.0,1584.0,2,1,polymarket_event_score,0.5325833333333334,0.30319444444444443,0.16874999999999998,0.6735451826226265,0.21402882382379537,0.11242599355357812,2026_results.tsv
2026-06-27T23:30:00Z,fifwc-col-prt-2026-06-27,Colombia vs. Portugal,Colombia,Portugal,CO,PT,2026-06-27 00:00:00+00:00,2006.0,1988.0,0,0,polymarket_event_score,0.2748614958448754,0.2426731301939059,0.48605263157894735,0.3787764448267579,0.2797296449124421,0.3414939102608001,2026_results.tsv
2026-06-27T23:30:00Z,fifwc-cdr-uzb-2026-06-27,DR Congo vs. Uzbekistan,DR Congo,Uzbekistan,CD,UZ,2026-06-27 00:00:00+00:00,1666.0,1677.0,3,1,polymarket_event_score,0.5707063711911358,0.24505540166204998,0.1816204986149585,0.34865491853615077,0.27989898709088357,0.3714460943729657,2026_results.tsv
2026-06-28T02:00:00Z,fifwc-jor-arg-2026-06-27,Jordan vs. Argentina,Jordan,Argentina,JO,AR,2026-06-27 00:00:00+00:00,1632.0,2144.0,1,3,polymarket_event_score,0.042938888888888874,0.09508333333333337,0.8640833333333333,0.04264441366210048,0.14478303560082215,0.8125725507370773,2026_results.tsv
2026-06-28T02:00:00Z,fifwc-alg-aut-2026-06-27,Algeria vs. Austria,Algeria,Austria,DZ,AT,2026-06-27 00:00:00+00:00,1780.0,1841.0,3,3,polymarket_event_score,0.2707222222222223,0.4656944444444444,0.2579444444444445,0.29870833049593065,0.2769190704520351,0.4243725990520342,2026_results.tsv
2026-06-28T19:00:00Z,fifwc-rsa-can-2026-06-28,South Africa vs. Canada,South Africa,Canada,ZA,CA,2026-06-28 00:00:00+00:00,1576.0,1748.0,0,1,polymarket_event_score,0.16266666666666676,0.2652777777777777,0.5638333333333334,0.2013065166567593,0.2568699875042794,0.5418234958389612,2026_results.tsv
2026-06-29T17:00:00Z,fifwc-bra-jpn-2026-06-29,Brazil vs. Japan,Brazil,Japan,BR,JP,2026-06-29 00:00:00+00:00,2009.0,1910.0,2,1,polymarket_event_score,0.5560803324099723,0.25970914127423816,0.1819252077562328,0.46500382201083473,0.2719957092601729,0.2630004687289924,2026_results.tsv
2026-06-29T20:30:00Z,fifwc-ger-par-2026-06-29,Germany vs. Paraguay,Germany,Paraguay,DE,PY,2026-06-29 00:00:00+00:00,1916.0,1814.0,1,1,polymarket_event_score,0.7272777777777777,0.18500000000000022,0.09072222222222223,0.46820699158570567,0.27151474850803253,0.26027825990626186,2026_results.tsv
2026-06-30T01:00:00Z,fifwc-nld-mar-2026-06-29,Netherlands vs. Morocco,Netherlands,Morocco,NL,MA,2026-06-29 00:00:00+00:00,1980.0,1877.0,1,1,polymarket_event_score,0.4059166666666668,0.31499999999999984,0.28300000000000003,0.46927427928450904,0.2713515345514816,0.2593741861640093,2026_results.tsv
2026-06-30T17:00:00Z,fifwc-civ-nor-2026-06-30,Côte d'Ivoire vs. Norway,Côte d'Ivoire,Norway,CI,NO,2026-06-30 00:00:00+00:00,1743.0,1918.0,1,2,polymarket_event_score,0.26111111111111107,0.28627777777777774,0.45313888888888887,0.1989851914073444,0.25610985351493154,0.544904955077724,2026_results.tsv
2026-06-30T21:00:00Z,fifwc-fra-swe-2026-06-30,France vs. Sweden,France,Sweden,FR,SE,2026-06-30 00:00:00+00:00,2123.0,1742.0,3,0,polymarket_event_score,0.7660277777777778,0.15499999999999997,0.07499999999999997,0.7292149813867291,0.18943538852599545,0.0813496300872754,2026_results.tsv
2026-07-01T01:00:00Z,fifwc-mex-ecu-2026-06-30,Mexico vs. Ecuador,Mexico,Ecuador,MX,EC,2026-06-30 00:00:00+00:00,1912.0,1902.0,2,0,polymarket_event_score,0.4330277777777778,0.33658333333333335,0.2273333333333333,0.3704017166047014,0.27991651423965425,0.34968176915564436,2026_results.tsv
2026-07-01T16:00:00Z,fifwc-eng-cdr-2026-07-01,England vs. DR Congo,England,DR Congo,EN,CD,2026-07-01 00:00:00+00:00,2038.0,1712.0,2,1,polymarket_event_score,0.7647222222222222,0.18500000000000022,0.054999999999999924,0.6861316312044352,0.20881561503550988,0.10505275376005507,2026_results.tsv
2026-07-01T20:00:00Z,fifwc-bel-sen-2026-07-01,Belgium vs. Senegal,Belgium,Senegal,BE,SN,2026-07-01 00:00:00+00:00,1884.0,1842.0,3,2,polymarket_event_score,0.46080555555555547,0.29327777777777775,0.24988888888888888,0.4041298972298877,0.278532906453898,0.3173371963162143,2026_results.tsv
2026-07-02T00:00:00Z,fifwc-usa-bih-2026-07-01,United States vs. Bosnia and Herzegovina,United States,Bosnia and Herzegovina,US,BA,2026-07-01 00:00:00+00:00,1781.0,1622.0,2,0,polymarket_event_score,0.715,0.18847222222222243,0.10283333333333344,0.5283835543384043,0.26004878112856833,0.21156766453302747,2026_results.tsv
2026-07-02T19:00:00Z,fifwc-esp-aut-2026-07-02,Spain vs. Austria,Spain,Austria,ES,AT,2026-07-02 00:00:00+00:00,2144.0,1836.0,3,0,polymarket_event_score,0.7584452908587258,0.17084141274238235,0.07590027700831031,0.6709857311960399,0.21506454291435245,0.11394972588960758,2026_results.tsv
2026-07-02T23:00:00Z,fifwc-prt-hrv-2026-07-02,Portugal vs. Croatia,Portugal,Croatia,PT,HR,2026-07-02 00:00:00+00:00,1990.0,1904.0,2,1,polymarket_event_score,0.5805,0.2556805555555556,0.16672916666666665,0.451106764369548,0.2739270181525855,0.2749662174778665,2026_results.tsv
2026-07-03T03:00:00Z,fifwc-che-alg-2026-07-02,Switzerland vs. Algeria,Switzerland,Algeria,CH,DZ,2026-07-02 00:00:00+00:00,1914.0,1785.0,2,0,polymarket_event_score,0.4870902777777778,0.30000347222222223,0.21385416666666662,0.4969124288710143,0.26661549760081543,0.23647207352817032,2026_results.tsv
2026-07-03T18:00:00Z,fifwc-aus-egy-2026-07-03,Australia vs. Egypt,Australia,Egypt,AU,EG,2026-07-03 00:00:00+00:00,1800.0,1742.0,1,1,polymarket_event_score,0.2646666666666667,0.33549999999999996,0.40455555555555567,0.4211696985573245,0.2772123972394928,0.30161790420318263,2026_results.tsv
2026-07-03T22:00:00Z,fifwc-arg-cvi-2026-07-03,Argentina vs. Cabo Verde,Argentina,Cabo Verde,AR,CV,2026-07-03 00:00:00+00:00,2148.0,1622.0,3,2,polymarket_event_score,0.8555000000000001,0.1050000000000001,0.036639583333333225,0.8199686545472261,0.14033072897108595,0.03970061648168786,2026_results.tsv
2026-07-04T01:30:00Z,fifwc-col-gha-2026-07-03,Colombia vs. Ghana,Colombia,Ghana,CO,GH,2026-07-03 00:00:00+00:00,2004.0,1575.0,1,0,polymarket_event_score,0.6848055555555557,0.2164444444444444,0.1050000000000001,0.7628439559017688,0.172600178370134,0.06455586572809713,2026_results.tsv
2026-07-04T17:00:00Z,fifwc-can-mar-2026-07-04,Canada vs. Morocco,Canada,Morocco,CA,MA,2026-07-04 00:00:00+00:00,1764.0,1886.0,0,3,polymarket_event_score,0.1659722222222222,0.2856944444444445,0.5523055555555556,0.24252129821865365,0.2679818709804313,0.48949683080091505,2026_results.tsv
2026-07-04T21:00:00Z,fifwc-par-fra-2026-07-04,Paraguay vs. France,Paraguay,France,PY,FR,2026-07-04 00:00:00+00:00,1823.0,2134.0,0,1,polymarket_event_score,0.0451111111111111,0.12808333333333333,0.8315277777777776,0.11242599355357812,0.2140288238237954,0.6735451826226265,2026_results.tsv
2026-07-05T20:00:00Z,fifwc-bra-nor-2026-07-05,Brazil vs. Norway,Brazil,Norway,BR,NO,2026-07-05 00:00:00+00:00,2031.0,1934.0,1,2,polymarket_event_score,0.5450554016620498,0.2648891966759003,0.19436288088642673,0.46286738802920085,0.2723090741758954,0.26482353779490386,2026_results.tsv
2026-07-06T00:00:00Z,fifwc-mex-eng-2026-07-05,Mexico vs. England,Mexico,England,MX,EN,2026-07-05 00:00:00+00:00,1943.0,2046.0,2,3,polymarket_event_score,0.3127839335180055,0.3095429362880886,0.37721606648199446,0.25937418616400937,0.27135153455148164,0.46927427928450904,2026_results.tsv
2026-07-06T19:00:00Z,fifwc-prt-esp-2026-07-06,Portugal vs. Spain,Portugal,Spain,PT,ES,2026-07-06 00:00:00+00:00,2013.0,2159.0,0,1,polymarket_event_score,0.22659833795013845,0.26885041551246536,0.5096814404432133,0.22215285688573513,0.26303130109204886,0.514815842022216,2026_results.tsv
2026-07-07T00:00:00Z,fifwc-usa-bel-2026-07-06,United States vs. Belgium,United States,Belgium,US,BE,2026-07-06 00:00:00+00:00,1798.0,1910.0,1,4,polymarket_event_score,0.3775833333333334,0.2808333333333334,0.34399999999999986,0.2513135579285946,0.2698183295468871,0.4788681125245183,2026_results.tsv
2026-07-07T16:00:00Z,fifwc-arg-egy-2026-07-07,Argentina vs. Egypt,Argentina,Egypt,AR,EG,2026-07-07 00:00:00+00:00,2151.0,1747.0,3,2,polymarket_event_score,0.7301666666666666,0.19500000000000012,0.07883333333333331,0.7457882197073848,0.1813305795677726,0.07288120072484253,2026_results.tsv
2026-07-07T20:00:00Z,fifwc-che-col-2026-07-07,Switzerland vs. Colombia,Switzerland,Colombia,CH,CO,2026-07-07 00:00:00+00:00,1943.0,2009.0,0,0,polymarket_event_score,0.2646388888888889,0.3181666666666666,0.4213333333333332,0.29388685127289443,0.276398502922923,0.42971464580418256,2026_results.tsv
2026-07-09T20:00:00Z,fifwc-fra-mar-2026-07-09,France vs. Morocco,France,Morocco,FR,MA,2026-07-09 00:00:00+00:00,2143.0,1921.0,,,missing,0.6156648199445984,0.24500000000000002,0.135,0.5920129753753988,0.2430450363449119,0.16494198827968945,fixtures.tsv
2026-07-10T19:00:00Z,fifwc-esp-bel-2026-07-10,Spain vs. Belgium,Spain,Belgium,ES,BE,2026-07-10 00:00:00+00:00,2177.0,1961.0,,,missing,0.605,0.24500000000000002,0.1650000000000001,0.5861339873991599,0.24482312412960108,0.169042888471239,fixtures.tsv
2026-07-11T21:00:00Z,fifwc-nor-eng-2026-07-11,Norway vs. England,Norway,England,NO,EN,2026-07-11 00:00:00+00:00,1972.0,2076.0,,,missing,0.22499999999999992,0.265,0.5250000000000001,0.25847178683934047,0.2711868807226542,0.47034133243800524,fixtures.tsv
2026-07-12T01:00:00Z,fifwc-arg-che-2026-07-11,Argentina vs. Switzerland,Argentina,Switzerland,AR,CH,2026-07-11 00:00:00+00:00,2156.0,1949.0,,,missing,0.5681578947368421,0.2750000000000001,0.1650000000000001,0.5772368018199162,0.24743409481935755,0.17532910336072632,fixtures.tsv
